id_paciente,fecha_inicio_fiebre,dias_con_fiebre,temperatura_actual,globulos_blancos,dolor_cabeza_severo,dolor_detras_ojos,dolor_articular_muscular,sabor_metalico_boca,perdida_apetito,dolor_abdominal,nauseas_vomitos,diarrea,hemoglobina,hematocrito,plaquetas,dengue
P001,13-Jan,10.0,100.0,5.0,yes,no,no,yes,yes,yes,no,yes,15.0,21,140,yes
P002,13-Feb,4.0,104.0,1.0,no,yes,yes,no,no,no,no,no,9.0,22,80,no
P003,9-Jan,5.0,104.0,4.3,yes,no,no,yes,yes,yes,yes,no,9.3,24,120,yes
P004,12-Aug,12.0,101.0,1.8,yes,yes,no,no,no,no,no,no,11.2,25,50,no
P005,12-Oct,3.0,101.0,3.2,yes,no,no,no,no,no,yes,no,13.6,22,95,no
P006,10-Jun,3.0,104.0,2.7,yes,no,no,no,no,yes,yes,no,10.7,26,110,yes
P007,12-Feb,3.0,104.0,4.1,yes,no,no,yes,no,no,no,no,15.1,29,90,yes
P008,12-Jun,14.0,103.5,2.2,yes,yes,no,yes,no,no,no,no,10.0,33,130,yes
P009,10-Sep,3.0,103.0,3.9,yes,no,no,no,no,no,no,no,12.8,27,70,no
P010,12-Jun,14.0,101.0,1.5,yes,no,no,no,no,yes,no,no,8.9,23,120,no
P011,12-Feb,3.0,105.0,3.7,yes,no,yes,no,yes,no,yes,no,14.4,28,85,yes
P012,2-Jun,6.0,102.0,5.0,yes,no,yes,no,no,no,yes,no,17.2,21,60,yes
P013,13-Jan,10.0,100.0,2.2,yes,no,no,yes,yes,yes,no,yes,16.5,31,140,yes
P014,13-Feb,4.0,104.0,4.9,no,yes,yes,no,no,no,no,no,9.7,34,80,no
P015,9-Jan,5.0,104.0,5.0,no,no,no,yes,yes,yes,yes,no,18.2,35,120,yes
P016,12-Aug,12.0,101.0,1.9,yes,yes,no,no,no,no,no,no,10.5,32,105,no
P017,12-Oct,3.0,101.0,2.5,yes,no,no,no,no,no,yes,no,13.9,30,80,no
P018,10-Jun,3.0,104.0,3.4,yes,no,no,no,no,yes,yes,no,15.8,36,125,yes
P019,12-Feb,3.0,104.0,4.8,yes,no,no,yes,no,no,no,no,11.6,38,90,yes
P020,12-Jun,14.0,103.5,1.3,yes,yes,no,yes,no,no,no,no,10.0,37,110,yes
P021,10-Sep,3.0,103.0,2.1,yes,yes,no,no,no,no,no,no,16.9,39,125,no
P022,12-Jun,14.0,101.0,4.4,yes,no,yes,no,no,yes,no,no,14.7,40,45,yes
P023,12-Feb,3.0,105.0,3.1,no,yes,yes,no,yes,no,yes,no,9.8,26,100,yes
P024,2-Jun,6.0,103.0,5.0,yes,no,yes,no,no,no,yes,no,12.3,42,90,yes
P025,13-Jan,10.0,100.0,1.9,yes,no,no,yes,yes,yes,no,yes,17.6,43,140,yes
P026,13-Feb,4.0,104.0,2.6,no,yes,yes,no,no,no,no,no,8.7,20,80,no
P027,9-Jan,5.0,104.0,4.7,yes,no,no,yes,yes,yes,yes,no,18.4,27,120,yes
P028,12-Aug,12.0,101.0,1.7,yes,yes,no,no,no,no,no,no,10.1,44,135,no
P029,12-Oct,3.0,101.0,3.5,yes,no,no,no,no,no,yes,no,16.2,22,55,no
P030,10-Jun,3.0,104.0,2.8,yes,no,no,no,no,yes,yes,no,13.3,45,90,yes
P031,12-Feb,3.0,104.0,4.2,yes,no,no,yes,no,no,no,no,11.8,25,65,yes
P032,12-Jun,14.0,103.5,3.3,yes,yes,no,yes,no,no,no,no,10.0,23,110,yes
P033,10-Sep,4.0,103.0,1.6,yes,no,no,no,no,no,no,no,15.4,24,140,no
P034,12-Jun,14.0,101.0,2.9,yes,no,yes,yes,no,yes,no,no,12.1,30,115,yes
P035,12-Feb,4.0,105.0,3.8,yes,no,yes,no,yes,no,yes,no,17.4,28,50,yes
P036,2-Jun,6.0,104.0,4.5,yes,no,yes,no,no,no,yes,no,8.6,29,95,yes
P037,13-Jan,10.0,100.0,5.0,yes,no,no,yes,yes,yes,no,yes,15.0,21,140,yes
P038,13-Feb,4.0,104.0,1.0,no,yes,yes,no,no,no,no,no,9.0,31,80,no
P039,9-Jan,5.0,104.0,1.4,no,no,no,yes,yes,yes,yes,yes,9.5,35,120,yes
P040,12-Aug,12.0,101.0,2.7,yes,yes,no,no,no,no,no,no,18.0,33,75,no
P041,12-Oct,3.0,101.0,2.4,yes,no,no,no,no,no,yes,no,11.4,32,110,no
P042,10-Jun,3.0,104.0,3.6,yes,no,no,no,no,yes,yes,no,16.0,34,130,yes
P043,12-Feb,3.0,104.0,2.0,yes,no,no,yes,no,no,no,no,13.1,36,70,yes
P044,12-Jun,14.0,103.5,2.2,yes,yes,no,yes,no,no,no,no,10.0,38,120,yes
P045,10-Sep,4.0,103.0,4.6,yes,no,no,no,no,no,no,no,15.6,37,85,no
P046,12-Jun,14.0,101.0,2.3,yes,no,yes,no,no,yes,no,no,10.4,39,60,yes
P047,12-Feb,3.0,105.0,3.0,no,no,yes,no,yes,no,yes,no,14.2,26,105,yes
P048,2-Jun,6.0,100.0,1.1,yes,no,yes,no,no,no,yes,no,12.5,40,80,yes
P049,13-Jan,10.0,100.0,4.0,yes,no,no,yes,yes,yes,no,yes,15.0,41,125,yes
P050,13-Feb,4.0,104.0,2.6,no,yes,yes,no,no,no,no,no,9.0,27,45,no
P051,9-Jan,5.0,104.0,2.3,yes,no,no,yes,yes,yes,yes,no,17.0,44,100,yes
P052,12-Aug,12.0,101.0,3.0,yes,yes,no,no,no,no,no,no,9.1,45,135,no
P053,12-Oct,3.0,101.0,4.1,yes,no,no,no,no,no,yes,no,18.8,30,55,no
P054,10-Jun,3.0,104.0,1.3,yes,no,no,no,no,yes,yes,no,11.0,28,90,yes
P055,12-Feb,3.0,104.0,3.5,yes,no,no,yes,no,no,no,no,13.7,29,65,yes
P056,12-Jun,14.0,103.5,2.2,yes,yes,no,yes,no,no,no,no,10.0,21,140,yes
P057,10-Sep,4.0,103.0,4.5,yes,yes,no,no,no,no,no,no,15.3,31,115,no
P058,12-Jun,14.0,101.0,1.5,yes,no,yes,no,no,yes,no,no,10.8,35,50,yes
P059,12-Feb,3.0,105.0,2.9,yes,no,yes,no,yes,no,yes,no,14.9,33,95,yes
P060,2-Jun,4.0,102.0,4.2,yes,no,yes,no,no,no,yes,no,12.0,32,75,yes
P061,13-Jan,10.0,100.0,5.0,yes,no,no,yes,yes,yes,no,yes,15.0,34,110,yes
P062,13-Feb,4.0,104.0,1.0,no,yes,yes,no,no,no,no,no,9.0,36,130,no
P063,9-Jan,5.0,104.0,5.0,yes,no,no,yes,yes,yes,yes,no,17.8,33,70,yes
P064,12-Aug,12.0,101.0,1.8,yes,yes,no,no,no,no,no,no,9.6,38,120,no
P065,12-Oct,3.0,101.0,3.7,yes,no,no,no,no,no,yes,no,18.6,22,85,no
P066,10-Jun,3.0,104.0,2.4,yes,no,no,no,no,yes,yes,no,11.1,25,60,yes
P067,12-Feb,3.0,104.0,3.7,yes,no,no,yes,no,no,no,no,13.7,23,105,yes
P068,12-Jun,14.0,103.5,2.4,yes,yes,no,yes,no,no,no,no,15.3,30,80,yes
P069,10-Sep,6.0,103.0,4.7,yes,yes,yes,no,yes,no,no,yes,10.8,28,125,yes
P070,12-Jun,14.0,101.0,1.1,yes,no,yes,no,no,yes,no,yes,14.9,29,45,yes
P071,12-Feb,7.0,105.0,3.9,yes,no,yes,no,yes,no,yes,no,12.0,21,100,yes
P072,2-Jun,6.0,102.0,2.1,yes,no,yes,no,no,no,yes,no,8.6,31,135,yes
P073,13-Jan,10.0,100.0,4.6,yes,no,no,yes,yes,yes,no,yes,15.0,33,140,yes
P074,13-Feb,4.0,104.0,1.7,no,yes,yes,no,no,no,no,no,9.0,35,80,no
P075,9-Jan,5.0,104.0,5.0,yes,no,no,yes,yes,yes,yes,no,17.8,32,120,yes
P076,12-Aug,12.0,101.0,3.4,yes,yes,no,no,no,no,no,no,9.6,34,55,no
P077,12-Oct,3.0,101.0,2.3,yes,no,no,no,no,no,yes,no,18.6,36,90,no
P078,10-Jun,3.0,104.0,4.8,yes,no,no,no,no,yes,yes,no,11.1,35,65,yes
P079,12-Feb,3.0,104.0,1.2,yes,no,no,yes,no,no,no,no,16.3,31,90,yes
P080,12-Jun,14.0,103.5,3.0,yes,no,no,yes,no,no,no,no,14.3,38,110,yes
P081,10-Sep,4.0,103.0,2.7,yes,yes,no,no,no,no,no,no,10.3,37,140,no
P082,12-Jun,14.0,101.0,4.3,yes,no,yes,no,no,yes,no,yes,15.5,39,115,yes
P083,12-Feb,6.0,105.0,1.4,yes,no,yes,no,yes,no,yes,no,12.9,44,60,yes
P084,2-Jun,6.0,102.0,3.8,yes,no,yes,no,no,no,yes,no,17.1,22,90,yes
P085,13-Jan,10.0,100.0,2.5,yes,no,no,yes,yes,yes,no,yes,15.0,35,140,yes
P086,13-Feb,4.0,104.0,4.4,no,yes,yes,no,no,no,no,no,9.0,42,80,no
P087,9-Jan,5.0,104.0,5.0,yes,no,no,yes,yes,yes,yes,no,9.2,41,120,yes
P088,12-Aug,12.0,101.0,1.6,yes,yes,no,no,no,no,no,no,18.7,20,50,no
P089,12-Oct,3.0,101.0,3.6,yes,no,no,no,no,no,yes,no,10.9,26,95,no
P090,10-Jun,3.0,104.0,2.0,yes,no,no,no,no,yes,yes,no,13.8,27,75,yes
P091,12-Feb,3.0,104.0,4.0,yes,no,no,yes,no,no,no,no,15.2,22,110,yes
P092,12-Jun,14.0,103.5,3.1,yes,yes,no,yes,no,no,no,no,11.5,25,130,yes
P093,10-Sep,4.0,103.0,1.7,yes,no,no,no,no,no,no,no,16.8,23,70,no
P094,12-Jun,14.0,101.0,4.6,yes,no,yes,no,no,yes,no,yes,14.6,24,120,yes
P095,12-Feb,3.0,105.0,1.5,yes,no,yes,no,yes,no,yes,no,10.0,30,85,yes
P096,2-Jun,6.0,102.0,3.3,yes,no,yes,no,no,no,yes,no,8.6,28,90,yes
P097,13-Jan,10.0,100.0,2.2,yes,no,no,yes,yes,yes,no,yes,15.0,29,140,yes
P098,13-Feb,4.0,104.0,4.9,no,yes,yes,no,no,no,no,no,9.0,31,80,no
P099,9-Jan,5.0,104.0,5.0,yes,no,no,yes,yes,yes,yes,no,12.7,28,120,yes
P100,12-Aug,12.0,101.0,1.0,yes,yes,no,no,no,no,no,no,17.3,29,60,no
P101,12-Oct,3.0,101.0,3.5,yes,no,no,no,no,no,yes,no,8.8,21,105,no
P102,10-Jun,3.0,104.0,2.7,yes,no,no,no,no,yes,yes,no,18.3,31,80,yes
P103,12-Feb,3.0,104.0,4.2,yes,no,no,yes,no,no,no,no,10.2,35,125,yes
P104,12-Jun,14.0,103.5,1.3,yes,yes,no,yes,no,yes,no,yes,10.0,33,105,yes
P105,10-Sep,4.0,103.0,3.9,no,yes,no,no,no,no,no,no,13.2,32,45,no
P106,12-Jun,14.0,101.0,2.4,yes,no,yes,no,no,yes,no,yes,15.9,34,100,yes
P107,12-Feb,3.0,105.0,4.7,yes,no,yes,no,yes,no,yes,yes,11.9,36,135,yes
P108,2-Jun,6.0,105.0,1.6,yes,no,yes,no,no,no,no,no,8.6,38,90,no
P109,2-Mar,3.0,103.0,1.3,yes,no,yes,no,yes,yes,yes,no,15.0,37,140,yes
P110,9-Jun,2.0,105.0,3.9,yes,no,yes,no,yes,yes,yes,no,9.0,39,80,yes
P111,12-Feb,3.0,102.0,2.4,yes,yes,yes,no,no,yes,yes,yes,16.7,40,120,yes
P112,17-Oct,5.0,104.0,3.2,yes,no,no,no,no,yes,no,no,14.0,45,55,no
P113,12-Nov,12.0,105.0,2.5,yes,no,yes,yes,yes,no,yes,no,9.4,42,90,yes
P114,5-Jun,6.0,102.0,4.8,yes,no,no,yes,no,yes,yes,yes,12.4,41,65,yes
P115,13-Jul,7.0,102.0,1.4,yes,yes,yes,no,yes,yes,yes,no,17.5,44,140,yes
P116,22-Dec,7.0,103.0,2.2,no,no,no,yes,no,no,no,no,10.0,25,115,no
P117,30-Oct,2.0,101.0,3.0,yes,yes,yes,no,no,yes,yes,yes,8.6,24,50,yes
P118,25-Jun,3.0,102.0,2.8,yes,no,no,no,no,no,yes,no,18.5,30,95,no
P119,2-Jan,5.0,102.0,4.4,yes,yes,yes,no,yes,yes,no,yes,10.6,28,75,yes
P120,20-Mar,12.0,101.0,1.8,yes,no,yes,no,yes,yes,yes,no,8.6,29,110,yes
P121,28-Sep,3.0,100.0,5.0,yes,yes,yes,yes,no,yes,yes,no,15.0,21,130,yes
P122,30-Nov,4.0,102.0,1.0,yes,yes,yes,no,no,yes,yes,yes,9.0,31,70,yes
P123,14-Feb,14.0,101.0,3.3,no,no,yes,no,no,no,no,no,16.4,35,120,no
P124,28-Apr,16.0,102.0,2.6,no,no,no,no,no,yes,no,no,13.3,33,85,no
P125,22-May,7.0,102.0,2.6,yes,yes,no,yes,yes,yes,yes,no,11.7,32,60,yes
P126,1-Jul,18.0,103.0,4.5,yes,no,no,no,no,no,yes,no,15.0,34,105,no
P127,18-Sep,4.0,102.0,1.2,yes,yes,no,yes,no,yes,yes,no,12.2,36,80,yes
P128,22-Nov,21.0,100.0,3.4,yes,no,yes,yes,yes,no,yes,yes,10.0,38,140,yes
P129,3-Jul,6.0,103.0,2.9,yes,yes,yes,no,no,yes,yes,yes,17.7,37,80,yes
P130,2-Jan,7.0,103.0,4.3,yes,no,no,no,no,no,yes,no,9.9,39,120,no
P131,27-Feb,8.0,101.0,1.1,no,no,yes,no,no,no,no,no,16.6,40,95,no
P132,23-Feb,9.0,103.0,3.8,yes,no,yes,yes,yes,no,yes,yes,8.6,41,75,yes
P133,7-Mar,10.0,103.0,2.0,no,yes,no,yes,no,no,no,no,15.0,42,110,no
P134,9-Apr,14.0,104.0,4.1,yes,no,yes,yes,no,yes,yes,yes,9.0,26,90,yes
P135,22-May,12.0,103.0,3.6,yes,no,yes,no,yes,yes,yes,no,13.0,45,110,yes
P136,30-Jun,3.0,101.0,1.9,yes,no,no,no,no,no,yes,no,11.3,44,130,no
P137,3-Jul,5.0,103.0,4.5,yes,no,no,no,no,yes,no,no,15.7,42,70,no
P138,6-Aug,21.0,100.0,2.3,yes,yes,no,no,yes,yes,yes,yes,10.5,41,120,yes
P139,8-Sep,16.0,102.0,3.0,no,no,no,no,no,yes,no,no,14.5,27,85,no
P140,22-Oct,7.0,104.0,2.2,yes,no,no,no,no,no,no,no,10.0,22,60,no
P141,24-Nov,18.0,102.0,1.5,yes,no,yes,no,yes,no,yes,yes,12.6,25,100,yes
P142,22-Jun,3.0,103.0,4.7,yes,no,yes,yes,no,yes,yes,yes,17.0,23,135,yes
P143,31-Jul,2.0,104.0,2.1,yes,yes,no,no,yes,yes,yes,no,9.1,24,55,yes
P144,31-Dec,21.0,104.0,3.4,yes,no,yes,no,no,yes,yes,yes,8.6,30,100,yes
P145,20-Nov,5.0,102.0,1.7,no,no,yes,no,no,no,no,yes,15.0,28,90,no
P146,22-Jul,13.0,103.0,4.2,yes,yes,yes,no,yes,yes,yes,no,9.0,29,65,yes
P147,15-Aug,4.0,102.0,5.0,yes,no,no,no,yes,no,no,no,18.8,21,140,no
P148,10-Feb,8.0,103.0,2.2,yes,no,no,no,no,yes,yes,yes,11.0,31,115,yes
P149,20-Nov,6.0,100.0,3.1,yes,yes,no,yes,yes,no,yes,yes,13.7,35,50,yes
P150,21-Nov,7.0,100.0,1.6,yes,yes,no,no,no,no,no,no,15.3,33,95,yes
P151,22-Nov,8.0,103.0,4.8,yes,yes,yes,no,no,yes,yes,yes,10.8,32,75,yes
P152,25-Aug,9.0,100.0,2.2,yes,no,no,no,no,no,yes,no,12.0,34,140,no
P153,24-Nov,4.0,104.0,2.4,yes,no,yes,yes,yes,yes,yes,no,14.9,36,80,yes
P154,2-May,11.0,100.0,3.3,yes,yes,yes,yes,yes,no,yes,no,17.8,38,120,yes
P155,26-Nov,5.0,100.0,1.4,yes,yes,yes,no,no,yes,yes,no,9.6,37,110,yes
P156,27-Nov,13.0,105.0,4.0,no,no,no,no,no,yes,no,no,8.6,39,130,no
P157,23-Oct,14.0,103.0,5.0,yes,no,yes,no,no,yes,yes,no,15.0,43,70,yes
P158,29-Nov,15.0,100.0,1.0,yes,no,no,no,no,no,no,no,18.6,42,120,no
P159,30-Nov,5.0,103.0,4.6,yes,no,yes,no,yes,no,yes,yes,11.1,41,85,yes
P160,1-Dec,17.0,105.0,2.8,yes,yes,no,yes,no,yes,yes,no,16.3,45,60,yes
P161,2-Dec,18.0,102.0,3.5,yes,no,no,no,no,no,no,no,14.3,24,105,no
P162,22-Apr,12.0,102.0,1.2,yes,no,no,no,no,yes,no,no,10.3,24,80,no
P163,24-Jul,6.0,103.5,4.4,yes,yes,yes,yes,no,yes,yes,no,15.5,30,125,yes
P164,25-Jul,7.0,100.0,2.7,no,no,no,no,no,no,no,yes,10.0,28,45,no
P165,29-Nov,8.0,105.0,3.7,yes,yes,yes,yes,no,yes,yes,no,12.9,29,100,yes
P166,27-Jul,9.0,102.0,1.0,yes,no,yes,no,yes,yes,yes,yes,17.1,21,135,yes
P167,22-Jan,4.0,105.0,4.9,yes,yes,yes,yes,yes,yes,yes,no,9.2,31,55,yes
P168,29-Jul,11.0,102.0,2.9,yes,no,no,yes,no,no,no,no,18.7,35,90,no
P169,4-Mar,14.0,100.0,3.8,yes,no,no,no,no,no,no,no,10.9,33,65,no
P170,31-Jul,13.0,102.0,1.0,yes,no,yes,no,yes,yes,yes,yes,13.8,32,140,yes
P171,5-May,3.0,102.0,1.1,yes,yes,no,no,no,no,no,no,15.2,34,115,no
P172,6-May,4.0,104.0,4.3,no,no,no,no,yes,no,no,no,11.5,36,50,no
P173,3-Sep,5.0,104.0,3.0,yes,no,no,no,no,no,no,no,16.8,24,95,no
P174,8-May,6.0,102.0,1.5,yes,yes,yes,no,no,yes,yes,yes,14.6,30,75,yes
P175,9-May,7.0,100.0,4.2,yes,no,no,no,no,no,no,no,10.0,28,90,no
P176,11-Jun,4.0,102.0,3.2,no,yes,no,no,no,no,no,no,12.7,29,140,no
P177,11-May,9.0,103.0,1.6,yes,yes,yes,no,yes,yes,yes,no,17.3,31,80,yes
P178,19-Sep,3.0,102.0,4.7,yes,no,yes,yes,no,yes,yes,yes,8.8,21,120,yes
P179,13-May,4.0,104.0,2.8,yes,yes,yes,no,no,yes,yes,yes,18.3,32,110,yes
P180,14-May,5.0,102.0,1.9,yes,no,no,no,no,no,no,no,10.2,32,130,no
P181,15-May,6.0,103.5,4.5,yes,no,no,no,no,no,no,no,15.0,34,70,no
P182,30-Dec,7.0,102.0,3.4,yes,yes,no,no,no,no,no,no,13.2,36,120,no
P183,17-May,8.0,104.0,1.7,yes,yes,no,yes,yes,yes,yes,no,15.9,38,85,yes
P184,20-Aug,9.0,102.0,4.9,yes,no,no,no,no,no,no,no,11.9,37,60,no
P185,21-Aug,5.0,103.0,2.2,yes,yes,no,no,no,yes,yes,yes,16.7,39,105,yes
P186,17-Jan,2.0,102.0,1.3,yes,yes,no,no,no,no,no,no,14.0,44,80,no
P187,23-Aug,3.0,102.0,4.0,yes,yes,yes,no,no,yes,yes,no,9.4,45,125,yes
P188,24-Aug,4.0,103.5,3.6,yes,no,no,no,no,no,no,no,12.4,26,45,no
P189,21-Jun,5.0,102.0,1.8,yes,yes,no,no,yes,yes,yes,no,17.5,20,100,yes
P190,26-Aug,6.0,103.0,4.6,yes,yes,no,yes,no,yes,yes,yes,8.6,27,135,yes
P191,27-Aug,7.0,100.0,2.3,yes,no,no,no,no,no,no,no,18.5,22,55,no
P192,23-Apr,8.0,103.0,1.4,yes,no,no,no,no,yes,no,no,10.6,25,90,no
P193,29-Aug,9.0,104.0,3.3,yes,no,no,no,no,no,no,no,16.4,23,65,no
P194,15-Jan,10.0,102.0,3.9,no,no,no,no,no,no,yes,no,13.5,24,140,no
P195,1-May,14.0,105.0,5.0,yes,yes,yes,yes,no,yes,yes,no,11.7,30,115,yes
P196,17-Jan,3.0,102.0,1.0,yes,no,yes,no,yes,no,yes,yes,15.0,28,50,yes
P197,3-Feb,4.0,100.0,4.1,no,no,no,yes,no,no,no,no,12.2,29,95,no
P198,19-Jan,5.0,102.0,2.1,yes,no,no,no,no,yes,no,no,17.7,21,75,no
P199,5-May,6.0,105.0,1.2,yes,no,no,no,no,no,no,no,9.9,31,110,no
P200,21-Jan,7.0,104.0,3.2,yes,yes,yes,no,yes,no,yes,yes,16.6,35,130,yes
P201,4-May,2.0,100.0,4.8,yes,yes,yes,yes,no,yes,yes,no,13.0,33,70,yes
P202,5-May,3.0,102.0,1.5,yes,no,no,no,no,no,no,no,8.6,32,120,no
P203,7-Jun,4.0,100.0,4.4,yes,yes,no,no,yes,yes,yes,yes,11.6,34,875,yes
P204,7-May,9.0,104.0,2.4,yes,yes,yes,no,yes,yes,yes,no,11.3,36,60,yes
P205,8-May,6.0,102.0,1.6,yes,no,no,yes,no,no,no,no,15.7,38,105,no
P206,9-May,7.0,100.0,3.5,yes,yes,no,yes,no,yes,yes,yes,10.5,37,80,yes
P207,17-Apr,3.0,100.0,4.4,no,no,no,no,yes,no,no,no,14.5,39,125,no
P208,11-May,14.0,103.5,4.3,yes,no,no,no,no,no,yes,no,12.6,26,45,no
P209,5-Mar,5.0,100.0,1.2,yes,no,no,no,no,no,no,no,17.0,45,100,no
P210,6-Mar,6.0,102.0,2.9,yes,yes,yes,yes,no,yes,yes,no,9.1,20,135,yes
P211,7-Mar,7.0,104.0,3.7,yes,no,yes,yes,no,yes,yes,yes,18.8,44,55,yes
P212,8-Mar,2.0,100.0,3.8,yes,no,no,no,no,no,no,no,11.0,27,90,no
P213,9-Mar,3.0,105.0,4.2,yes,yes,no,yes,yes,yes,yes,no,13.7,43,65,yes
P214,6-Jul,4.0,100.0,2.5,yes,no,no,no,no,no,no,yes,15.8,22,140,no
P215,22-Nov,15.0,101.0,1.7,yes,no,no,no,no,yes,no,no,15.0,41,115,no
P216,12-Mar,6.0,103.0,3.4,yes,yes,yes,no,no,yes,yes,no,9.0,25,50,yes
P217,1-May,7.0,105.0,4.6,yes,no,yes,yes,no,yes,yes,no,15.3,40,95,yes
P218,14-Mar,8.0,100.0,1.0,yes,no,no,no,no,no,no,yes,10.8,22,90,no
P219,15-Mar,5.0,100.0,3.8,yes,yes,no,yes,yes,yes,yes,no,14.9,23,140,yes
P220,8-Feb,9.0,105.0,2.6,yes,no,no,no,no,yes,no,no,12.0,24,80,no
P221,17-Mar,21.0,100.0,1.2,yes,no,no,yes,yes,yes,yes,no,17.8,30,120,yes
P222,19-Apr,8.0,103.0,3.1,no,no,yes,no,no,no,yes,no,9.6,28,75,no
P223,19-Mar,9.0,100.0,4.9,yes,yes,no,yes,yes,yes,no,yes,18.6,29,110,yes
P224,2-Apr,10.0,103.0,1.4,yes,no,no,no,no,no,no,no,11.1,21,130,no
P225,3-Apr,3.0,100.0,3.6,no,no,yes,no,no,no,no,no,16.3,31,70,no
P226,4-Apr,12.0,103.0,2.7,yes,no,yes,yes,yes,yes,no,yes,14.3,35,120,yes
P227,5-Apr,7.0,104.0,1.8,yes,no,no,yes,no,no,no,no,10.3,33,85,no
P228,6-Apr,4.0,103.0,3.0,yes,no,no,no,no,no,yes,no,15.5,32,60,no
P229,7-Apr,5.0,105.0,4.5,yes,no,no,no,yes,yes,yes,yes,12.9,34,105,yes
P230,8-Apr,2.0,103.0,1.5,yes,yes,yes,yes,no,yes,yes,no,17.1,36,80,yes
P231,9-Apr,14.0,102.0,3.9,yes,no,no,no,yes,no,no,no,9.2,38,125,no
P232,10-Apr,8.0,102.0,2.8,yes,no,no,no,no,no,no,no,18.7,37,80,no
P233,22-Oct,4.0,104.0,1.9,yes,no,yes,no,no,yes,yes,yes,10.9,39,120,yes
P234,12-Apr,6.0,100.0,3.3,yes,yes,no,yes,no,yes,yes,no,13.8,40,45,yes
P235,25-Nov,4.0,102.0,4.7,yes,no,yes,yes,yes,yes,yes,no,15.2,26,100,yes
P236,14-Apr,12.0,104.0,1.6,yes,no,no,no,yes,yes,yes,yes,11.5,45,135,yes
P237,14-Feb,6.0,102.0,3.2,no,no,yes,no,no,no,yes,no,16.8,44,90,no
P238,15-Feb,14.0,103.0,2.2,yes,no,no,yes,no,no,no,no,14.6,43,110,no
P239,2-Jan,8.0,101.0,2.9,yes,yes,yes,yes,no,yes,no,yes,10.0,42,55,yes
P240,17-Feb,7.0,104.0,2.8,yes,no,no,no,yes,no,no,no,12.7,41,90,no
P241,4-Mar,6.0,100.0,2.6,yes,no,no,no,no,no,yes,no,17.3,20,65,no
P242,19-Feb,5.0,102.0,2.5,yes,no,no,yes,no,no,no,no,18.8,27,90,no
P243,20-Feb,6.0,102.0,1.7,no,no,no,no,no,yes,no,no,8.8,22,140,no
P244,30-Apr,7.0,104.0,3.5,yes,yes,yes,no,yes,no,no,yes,18.3,25,80,yes
P245,22-Feb,8.0,102.0,2.3,yes,no,no,no,no,no,yes,no,10.2,23,120,no
P246,4-May,9.0,100.0,2.7,yes,no,yes,yes,yes,yes,no,yes,13.2,24,140,yes
P247,5-May,7.0,102.0,4.4,no,no,no,no,no,yes,no,no,15.2,30,115,no
P248,6-May,5.0,100.0,1.8,yes,no,yes,no,yes,no,yes,yes,15.9,25,50,yes
P249,7-May,3.0,103.0,3.1,yes,no,no,no,no,no,no,yes,11.9,28,90,no
P250,8-May,3.0,102.0,2.4,yes,no,yes,yes,no,yes,yes,no,16.7,29,110,yes
P251,6-Nov,4.0,102.0,2.8,yes,yes,yes,no,yes,yes,yes,no,14.0,21,95,yes
P252,10-May,5.0,104.0,5.0,yes,no,no,no,no,yes,no,no,9.4,31,65,no
P253,11-May,6.0,105.0,5.0,yes,no,yes,yes,yes,no,yes,yes,12.4,35,95,yes
P254,5-May,7.0,103.0,1.0,yes,no,no,no,yes,no,no,no,17.5,33,75,no
P255,13-May,8.0,102.0,4.6,yes,no,yes,yes,no,yes,yes,yes,8.6,32,110,yes
P256,7-Aug,4.0,103.0,1.9,yes,no,no,no,yes,no,no,no,18.5,34,130,no
P257,15-May,10.0,102.0,3.4,yes,no,yes,yes,no,yes,yes,yes,10.6,36,70,yes
P258,8-Oct,5.0,103.0,2.5,yes,yes,no,no,no,no,no,no,16.4,38,120,no
P259,3-Nov,5.0,104.0,2.6,yes,no,yes,no,yes,no,yes,yes,13.5,37,85,yes
P260,9-Dec,6.0,105.0,4.3,yes,no,yes,yes,yes,yes,no,yes,11.7,39,60,yes
P261,19-May,7.0,101.0,2.0,yes,no,yes,no,no,yes,yes,yes,15.0,40,105,yes
P262,20-May,8.0,102.0,3.0,no,no,no,no,no,yes,no,no,12.2,41,80,no
P263,21-May,9.0,103.0,2.3,yes,yes,yes,no,yes,yes,yes,no,15.0,42,125,yes
P264,7-Jan,10.0,104.0,5.0,yes,yes,yes,no,yes,yes,no,yes,9.0,23,45,yes
P265,8-Jan,11.0,102.0,5.0,yes,yes,yes,yes,no,no,yes,yes,17.7,26,100,yes
P266,11-Feb,12.0,103.0,1.0,yes,yes,no,yes,no,yes,yes,no,9.9,45,135,yes
P267,25-May,13.0,104.0,2.2,yes,no,yes,no,yes,yes,yes,no,16.6,44,55,yes
P268,26-May,5.0,102.0,2.9,no,no,no,no,no,yes,no,no,13.0,43,90,no
P269,27-May,7.0,104.0,4.2,yes,no,no,no,yes,no,no,no,11.3,20,65,no
P270,17-Feb,2.0,104.0,2.6,yes,yes,yes,no,no,yes,yes,yes,15.7,27,140,yes
P271,21-Mar,5.0,102.0,3.0,yes,no,no,no,no,yes,no,no,10.5,22,115,no
P272,6-Jun,6.0,103.0,2.4,yes,no,no,no,no,no,yes,no,14.5,25,50,no
P273,31-May,7.0,104.0,2.4,yes,no,no,no,yes,no,no,no,12.6,23,95,no
P274,1-Jun,8.0,105.0,4.0,yes,yes,yes,no,no,yes,yes,yes,17.0,24,110,yes
P275,2-Jun,9.0,103.5,2.8,yes,no,no,no,no,no,no,no,9.1,30,135,no
P276,8-Nov,10.0,101.0,2.3,yes,yes,yes,no,yes,no,yes,yes,18.8,28,55,yes
P277,10-Nov,7.0,103.0,5.0,yes,no,yes,no,yes,yes,yes,no,11.0,29,90,yes
P278,5-Jun,6.0,102.0,1.0,no,no,no,no,yes,no,no,no,13.7,21,65,no
P279,6-Jun,7.0,102.0,2.7,yes,yes,yes,yes,no,yes,yes,yes,15.3,31,140,yes
P280,5-Mar,8.0,101.0,3.2,yes,yes,yes,yes,yes,no,yes,no,10.8,35,115,yes
P281,8-Jun,9.0,103.5,2.1,yes,no,yes,yes,no,yes,yes,no,14.9,33,50,yes
P282,9-Jun,10.0,103.0,3.9,yes,yes,yes,no,yes,yes,yes,no,12.0,32,95,yes
P283,12-Jul,5.0,102.0,2.5,yes,no,no,no,no,no,yes,no,17.8,34,75,no
P284,13-Aug,12.0,104.0,2.2,yes,yes,yes,yes,no,yes,yes,yes,9.6,25,110,yes
P285,17-Sep,6.0,105.0,3.6,yes,no,no,no,no,no,no,no,18.6,36,130,no
P286,13-Jun,3.0,103.5,2.5,yes,yes,no,no,no,no,no,no,11.1,38,70,no
P287,14-Jun,4.0,102.0,2.2,no,no,no,no,no,yes,no,no,16.3,41,120,no
P288,2-May,5.0,103.0,3.6,yes,no,no,yes,no,no,no,no,14.6,43,85,no
P289,3-Mar,6.0,104.0,2.7,yes,yes,yes,no,yes,yes,no,yes,14.3,45,60,yes
P290,17-Jun,7.0,103.5,3.2,no,no,no,no,no,no,yes,no,10.3,37,105,no
P291,18-Jun,8.0,102.0,2.1,yes,yes,yes,no,no,yes,no,yes,15.5,26,80,yes
P292,11-Apr,9.0,101.0,3.9,yes,yes,yes,yes,no,no,yes,no,12.9,20,125,yes
P293,4-May,10.0,103.0,2.5,yes,no,yes,no,yes,yes,yes,yes,17.0,41,45,yes
P294,5-Jun,5.0,104.0,2.2,no,no,no,no,no,yes,no,no,17.1,42,100,no
P295,22-Jun,12.0,102.0,3.6,yes,no,no,no,no,yes,no,no,9.2,44,135,no
P296,3-Jan,3.0,102.0,2.7,yes,no,yes,yes,no,yes,yes,yes,18.7,43,55,yes
P297,5-Feb,6.0,101.0,3.1,yes,no,yes,yes,yes,yes,no,yes,10.9,45,90,yes
P298,15-Feb,15.0,103.0,2.3,yes,yes,yes,no,no,yes,yes,no,13.8,39,110,yes
P299,26-Jun,4.0,103.0,2.6,no,no,no,no,yes,no,no,no,15.2,27,90,no
P300,27-Jun,14.0,104.0,4.1,no,yes,no,yes,no,yes,yes,yes,11.5,22,65,yes
P301,5-May,2.0,105.0,2.0,yes,no,yes,no,no,no,no,no,16.8,25,140,no
P302,6-May,3.0,103.5,2.8,yes,no,no,no,yes,yes,yes,no,14.6,23,90,yes
P303,7-May,4.0,103.0,3.3,yes,no,no,no,no,no,no,yes,10.0,24,140,no
P304,8-May,5.0,102.0,2.9,yes,yes,no,yes,no,yes,yes,no,12.7,30,80,yes
P305,9-May,6.0,103.5,2.2,yes,no,yes,no,yes,yes,yes,no,17.3,28,120,yes
P306,11-Feb,7.0,100.0,2.9,yes,no,no,yes,no,no,no,no,8.8,29,140,no
P307,23-Mar,8.0,101.0,2.2,yes,no,no,no,no,no,yes,no,18.3,21,115,no
P308,12-May,3.0,102.0,3.8,yes,yes,yes,no,yes,yes,no,yes,10.2,31,50,yes
P309,13-May,6.0,103.0,3.0,yes,yes,no,yes,no,yes,yes,no,13.2,35,95,yes
P310,17-Aug,14.0,104.0,2.4,no,no,no,no,no,no,yes,no,15.9,33,75,no
P311,5-May,2.0,105.0,2.3,yes,no,yes,yes,yes,yes,no,no,11.9,32,110,yes
P312,6-Nov,4.0,102.0,5.0,yes,no,no,no,no,no,no,no,16.7,34,130,no
P313,17-May,5.0,103.0,4.4,yes,yes,no,yes,yes,yes,yes,no,16.4,36,70,yes
P314,18-May,6.0,104.0,1.0,yes,no,no,no,yes,no,no,no,14.0,38,90,no
P315,2-Feb,7.0,105.0,2.4,yes,no,yes,no,no,yes,yes,yes,9.4,37,140,yes
P316,3-Feb,8.0,103.0,2.7,no,yes,no,yes,no,no,no,no,12.4,39,80,no
P317,4-Feb,9.0,102.0,3.3,yes,no,no,no,yes,no,no,no,17.5,40,120,no
P318,15-Aug,2.0,101.0,3.2,yes,no,no,no,no,no,yes,no,8.6,45,120,no
P319,6-Feb,2.0,104.0,2.0,yes,yes,yes,yes,no,yes,no,no,18.5,44,85,yes
P320,20-May,4.0,105.0,4.6,yes,no,no,no,yes,yes,yes,yes,10.6,42,60,yes
P321,30-Apr,3.0,103.5,3.3,yes,no,yes,yes,no,yes,yes,no,16.4,43,105,yes
P322,14-Feb,6.0,102.0,2.6,no,yes,no,no,no,no,yes,no,13.5,40,80,no
P323,10-Feb,2.0,104.0,2.1,yes,no,no,no,no,no,no,no,11.7,42,125,no
P324,11-Feb,3.0,103.0,4.5,yes,no,no,no,no,no,no,no,15.0,41,45,no
P325,12-Feb,4.0,101.0,3.1,yes,yes,no,yes,yes,yes,yes,no,12.2,26,100,yes
P326,2-Mar,5.0,104.0,2.9,yes,no,yes,no,yes,no,yes,yes,17.7,22,135,yes
P327,14-Feb,6.0,103.5,2.4,yes,no,no,no,no,yes,no,no,9.9,20,140,no
P328,15-Feb,7.0,102.0,2.7,yes,no,no,no,no,no,no,yes,16.6,27,80,no
P329,18-Nov,8.0,103.0,4.2,yes,no,yes,yes,no,yes,yes,no,13.0,22,120,yes
P330,17-Feb,2.0,103.0,3.4,yes,yes,no,no,yes,yes,yes,no,11.3,25,135,yes
P331,14-Oct,3.0,102.0,3.2,yes,no,no,no,no,no,no,no,15.7,23,55,no
P332,3-May,4.0,102.0,3.4,yes,yes,yes,no,yes,no,yes,yes,10.5,24,90,yes
P333,20-Feb,5.0,101.0,3.3,yes,yes,no,yes,no,yes,no,yes,14.5,30,90,yes
P334,21-Feb,6.0,103.0,2.3,yes,no,no,no,yes,no,no,no,12.6,28,110,no
P335,17-Mar,7.0,104.0,4.1,yes,no,no,no,no,no,no,no,17.0,29,65,no
P336,23-Feb,2.0,103.0,5.0,yes,yes,no,yes,no,yes,yes,no,9.0,21,140,yes
P337,30-Nov,6.0,102.0,3.5,yes,yes,yes,no,yes,no,no,yes,9.1,31,115,yes
P338,25-Feb,1.0,101.0,2.0,no,no,no,no,yes,no,no,no,18.8,35,50,no
P339,14-Jan,2.0,103.5,2.8,yes,yes,no,yes,no,yes,yes,yes,11.0,33,140,yes
P340,27-Feb,5.0,101.0,3.7,no,no,no,yes,no,no,no,no,13.7,32,80,no
P341,28-Feb,14.0,104.0,2.5,yes,yes,no,no,no,yes,yes,yes,15.3,34,120,yes
P342,1-Mar,5.0,102.0,4.0,yes,no,yes,yes,yes,no,yes,no,10.8,36,95,yes
P343,2-Mar,6.0,103.0,2.6,yes,no,no,no,no,no,yes,no,14.9,38,75,no
P344,17-May,7.0,105.0,2.9,yes,yes,no,no,no,no,no,no,12.0,37,110,no
P345,4-Mar,8.0,101.0,3.6,yes,no,no,no,no,no,no,no,17.8,39,130,no
P346,1-May,3.0,102.0,2.1,yes,yes,no,yes,yes,yes,no,yes,9.6,40,140,yes
P347,6-Mar,4.0,103.0,4.4,yes,yes,yes,no,no,yes,yes,yes,18.6,41,80,yes
P348,7-Mar,9.0,104.0,2.7,yes,yes,no,no,no,no,no,no,11.1,45,120,no
P349,22-Oct,6.0,100.0,2.4,yes,yes,yes,yes,no,yes,yes,no,16.3,44,70,yes
P350,9-Mar,7.0,104.0,3.3,yes,no,no,no,no,no,no,no,14.3,43,120,no
P351,10-Mar,3.0,103.0,2.8,yes,no,yes,yes,yes,no,yes,yes,10.3,42,85,yes
P352,11-Mar,4.0,102.0,4.3,yes,yes,no,no,no,no,no,no,15.5,41,60,no
P353,30-Nov,5.0,102.0,2.0,yes,no,no,no,no,no,yes,no,12.9,40,105,no
P354,13-Mar,6.0,105.0,4.3,yes,yes,yes,yes,no,yes,no,yes,17.1,42,80,yes
P355,25-Mar,7.0,104.0,3.7,yes,no,no,no,yes,no,no,no,9.2,45,125,no
P356,1-May,4.0,103.0,2.8,yes,yes,yes,no,no,yes,yes,no,18.7,43,45,yes
P357,16-Mar,9.0,102.0,4.9,yes,no,no,no,no,yes,no,no,10.9,39,100,no
P358,17-Mar,2.0,101.0,2.4,yes,no,no,yes,no,no,no,no,13.8,38,135,no
P359,23-Apr,3.0,103.5,1.9,yes,no,yes,no,yes,no,yes,yes,15.2,36,55,yes
P360,19-Mar,10.0,102.0,3.5,yes,yes,no,no,no,no,no,no,11.5,35,90,no
P361,20-Mar,3.0,104.0,2.1,yes,no,yes,no,no,no,no,no,16.8,32,65,no
P362,22-May,6.0,103.0,1.9,no,no,no,no,no,no,no,yes,14.6,35,140,no
P363,22-Mar,7.0,102.0,3.5,yes,yes,no,yes,yes,yes,yes,no,10.0,39,115,yes
P364,23-Mar,14.0,103.0,4.8,yes,yes,yes,yes,no,yes,no,yes,12.7,37,50,yes
P365,6-Jun,3.0,102.0,1.8,no,no,no,no,yes,no,no,no,12.3,25,95,no
P366,25-Mar,3.0,104.0,3.2,yes,no,no,no,no,yes,no,no,10.7,26,75,no
P367,26-Mar,4.0,105.0,4.6,yes,no,yes,yes,yes,no,yes,no,9.1,24,110,yes
P368,22-Aug,13.0,101.0,2.3,yes,no,no,no,no,no,no,no,11.9,27,130,no
P369,28-Mar,6.0,100.0,3.9,yes,yes,yes,no,no,yes,no,yes,8.5,28,135,yes
P370,17-Sep,2.0,101.0,4.1,yes,no,no,no,no,no,no,no,13.4,24,70,no
P371,30-Mar,8.0,103.5,2.6,yes,yes,no,yes,yes,no,yes,no,15.2,22,120,yes
P372,3-Jan,9.0,102.0,1.6,yes,yes,yes,no,no,yes,yes,yes,18.2,21,85,yes
P373,1-Apr,14.0,103.0,4.5,yes,yes,no,no,no,no,no,no,15.0,23,60,no
P374,2-Apr,2.0,103.0,3.3,yes,yes,no,yes,no,yes,yes,no,9.0,25,105,yes
P375,6-Oct,3.0,104.0,2.9,yes,yes,yes,no,yes,no,yes,yes,18.3,26,80,yes
P376,4-Apr,4.0,102.0,4.7,no,no,no,no,yes,no,no,no,16.8,21,90,no
P377,23-Nov,5.0,103.5,2.0,yes,yes,no,yes,no,yes,yes,no,14.6,20,110,yes
P378,6-Apr,6.0,100.0,3.4,yes,no,no,no,no,yes,no,no,10.3,25,125,no
P379,7-Apr,7.0,102.0,4.4,yes,no,no,no,no,no,no,no,12.7,28,45,no
P380,25-Sep,4.0,103.0,1.7,yes,yes,no,yes,yes,no,yes,no,9.8,29,100,yes
P381,9-Apr,2.0,104.0,2.5,yes,no,no,no,no,yes,no,no,14.1,24,90,no
P382,10-Apr,3.0,101.0,3.8,yes,no,no,no,no,no,yes,no,13.9,25,140,no
P383,27-Nov,4.0,102.0,1.4,yes,no,no,no,no,yes,no,no,11.5,26,80,no
P384,12-Apr,5.0,103.5,4.0,yes,yes,yes,yes,yes,no,yes,no,17.6,30,120,yes
P385,1-May,12.0,104.0,5.0,yes,yes,yes,no,yes,yes,no,yes,10.9,32,135,yes
P386,14-Apr,4.0,102.0,1.0,yes,yes,yes,yes,no,yes,yes,no,15.8,36,55,yes
P387,12-Jun,1.0,101.0,1.6,yes,no,no,no,no,no,no,no,16.1,35,90,no
P388,16-Apr,2.0,100.0,4.5,yes,no,no,yes,no,no,no,no,12.9,38,90,no
P389,13-Jul,3.0,102.0,2.3,yes,no,yes,no,yes,yes,no,yes,18.0,39,110,yes
P390,18-Apr,4.0,103.0,2.9,yes,yes,yes,no,yes,no,yes,no,13.2,37,65,yes
P391,19-Apr,14.0,104.0,4.7,yes,no,yes,no,no,yes,yes,no,8.7,34,140,yes
P392,27-Apr,6.0,103.5,2.2,yes,no,no,yes,no,no,no,no,15.6,25,115,no
P393,28-Apr,7.0,102.0,2.0,yes,yes,no,no,no,no,no,no,17.3,33,90,no
P394,22-Apr,4.0,103.0,3.4,yes,no,yes,no,no,yes,yes,yes,9.5,32,140,yes
P395,23-Apr,6.0,102.0,4.4,yes,no,no,yes,no,no,no,no,11.3,31,80,no
P396,22-Nov,3.0,104.0,1.7,yes,no,no,no,yes,yes,yes,no,14.8,39,120,yes
P397,2-May,14.0,101.0,2.5,yes,yes,yes,no,no,yes,yes,no,18.8,38,50,yes
P398,3-Jun,5.0,100.0,3.8,yes,yes,no,yes,no,yes,yes,yes,16.5,36,95,yes
P399,27-Apr,6.0,103.5,1.4,no,no,no,no,no,no,no,no,8.9,35,75,no
P400,28-Apr,10.0,102.0,4.0,yes,no,yes,no,no,yes,yes,no,13.7,34,90,yes
P401,3-May,8.0,101.0,2.7,yes,no,yes,no,yes,yes,yes,no,12.5,23,110,yes
P402,22-Sep,3.0,102.0,5.0,yes,no,yes,no,yes,yes,yes,no,15.4,26,110,yes
P403,1-May,4.0,103.0,2.1,yes,no,no,no,yes,yes,yes,no,17.0,25,130,yes
P404,2-May,5.0,104.0,4.7,no,no,no,yes,no,no,no,yes,10.5,25,70,no
P405,3-May,6.0,105.0,1.9,yes,no,no,no,no,yes,no,no,9.3,44,120,no
P406,25-Aug,7.0,103.5,2.3,yes,yes,yes,no,yes,yes,yes,no,11.7,45,85,yes
P407,5-May,4.0,101.0,4.4,yes,no,no,yes,no,yes,yes,no,16.3,42,60,yes
P408,22-Mar,9.0,102.0,1.6,no,no,no,yes,no,no,no,no,14.4,43,105,no
P409,7-May,4.0,103.0,5.0,yes,yes,no,no,no,yes,yes,no,12.1,41,80,yes
P410,8-May,11.0,104.0,1.0,yes,yes,no,no,no,no,no,no,18.6,40,125,no
P411,11-Nov,12.0,103.0,3.2,yes,no,yes,no,no,yes,yes,no,17.9,40,45,yes
P412,24-Dec,3.0,105.0,2.3,no,no,no,yes,yes,no,no,no,13.0,39,100,no
P413,11-May,14.0,103.5,2.6,yes,no,no,no,no,no,no,no,15.0,38,135,no
P414,12-May,2.0,103.0,3.8,yes,yes,yes,no,no,yes,yes,yes,8.6,37,55,yes
P415,25-Oct,3.0,104.0,1.7,yes,no,no,no,no,yes,no,no,10.8,22,90,no
P416,14-May,4.0,102.0,2.8,yes,yes,no,yes,no,yes,yes,no,11.1,23,65,yes
P417,12-Jan,5.0,101.0,4.6,yes,yes,no,no,yes,yes,yes,no,14.0,24,140,yes
P418,16-May,6.0,103.0,4.8,yes,no,yes,no,no,no,no,no,12.8,30,140,no
P419,23-Apr,7.0,104.0,1.5,yes,no,no,no,no,no,yes,no,16.9,28,80,no
P420,2-May,8.0,105.0,3.5,yes,yes,yes,yes,no,yes,yes,yes,9.9,29,120,yes
P421,3-May,9.0,101.0,2.4,yes,no,no,no,no,no,yes,no,17.5,31,115,no
P422,5-Jun,3.0,100.0,1.0,yes,yes,yes,no,yes,no,yes,no,8.8,35,50,yes
P423,5-May,11.0,103.0,5.0,yes,no,no,yes,no,yes,yes,no,15.9,33,95,yes
P424,28-Oct,5.0,103.5,4.8,yes,yes,no,yes,no,yes,yes,no,13.3,23,75,yes
P425,7-May,13.0,105.0,1.3,no,no,yes,no,no,no,no,no,16.6,32,110,no
P426,8-May,3.0,102.0,3.4,yes,yes,no,no,yes,yes,yes,no,14.7,34,130,yes
P427,9-May,4.0,103.0,2.2,yes,no,no,no,no,no,no,yes,10.4,36,70,no
P428,2-Jan,5.0,103.0,4.5,yes,yes,yes,yes,no,yes,yes,no,12.6,38,120,yes
P429,11-May,6.0,104.0,1.8,no,no,yes,no,no,no,no,no,18.4,37,85,no
P430,23-May,7.0,105.0,2.7,yes,no,no,yes,yes,yes,yes,no,9.2,39,60,yes
P431,11-Feb,8.0,102.0,4.1,yes,no,yes,yes,no,yes,yes,no,11.6,41,105,yes
P432,23-Mar,9.0,101.0,3.3,yes,yes,no,no,no,yes,yes,yes,17.2,40,80,yes
P433,15-May,10.0,103.5,1.4,yes,no,yes,no,no,yes,yes,yes,10.6,45,125,yes
P434,1-Apr,2.0,102.0,3.0,yes,yes,no,yes,yes,no,yes,no,15.7,42,45,yes
P435,17-May,14.0,101.0,2.5,yes,no,yes,no,no,no,yes,no,13.8,43,100,yes
P436,22-Jun,13.0,103.0,4.9,yes,yes,no,no,no,no,no,no,16.0,44,90,no
P437,19-May,4.0,104.0,1.0,yes,no,no,yes,yes,no,yes,yes,8.5,41,110,yes
P438,22-Jul,3.0,105.0,3.7,yes,yes,yes,no,no,yes,yes,no,18.1,40,140,yes
P439,17-Dec,14.0,102.0,3.2,yes,no,no,yes,yes,yes,yes,no,14.5,45,115,yes
P440,2-Apr,2.0,103.0,2.7,yes,no,no,no,no,no,yes,no,17.7,26,60,no
P441,3-Apr,3.0,103.5,4.5,yes,yes,yes,no,no,yes,yes,no,11.8,20,105,yes
P442,23-Oct,4.0,101.0,1.2,yes,no,no,yes,no,yes,yes,yes,9.6,27,80,yes
P443,5-Apr,5.0,101.0,3.9,yes,yes,yes,no,yes,no,yes,no,15.3,22,125,yes
P444,6-Apr,6.0,100.0,2.0,no,yes,no,no,no,no,yes,no,12.4,23,45,no
P445,7-Apr,7.0,102.0,4.4,yes,no,no,yes,no,yes,yes,yes,14.3,25,100,yes
P446,22-Jan,8.0,103.0,1.4,yes,no,yes,no,no,no,no,no,16.2,23,135,no
P447,9-Apr,3.0,104.0,2.8,yes,yes,no,no,yes,no,yes,yes,18.8,22,55,yes
P448,10-Apr,10.0,105.0,3.5,yes,yes,no,yes,yes,yes,yes,no,13.5,25,90,yes
P449,23-Feb,11.0,103.5,1.1,yes,no,yes,no,no,no,no,no,17.4,23,65,no
P450,12-Apr,3.0,102.0,2.4,yes,yes,no,yes,yes,no,yes,no,9.7,24,140,yes
P451,13-Apr,4.0,102.0,3.6,no,no,yes,no,no,no,no,no,8.5,21,80,no
P452,17-Mar,5.0,103.0,1.7,yes,yes,no,no,no,no,no,no,12.2,28,125,no
P453,15-Apr,6.0,104.0,2.1,yes,no,no,yes,yes,no,yes,yes,16.4,29,45,yes
P454,16-Apr,7.0,105.0,2.5,yes,no,yes,no,no,yes,yes,no,10.1,21,100,yes
P455,17-Apr,8.0,102.0,3.8,yes,no,no,no,no,no,yes,no,14.0,31,135,no
P456,18-Apr,9.0,101.0,2.3,yes,yes,no,yes,yes,yes,no,yes,14.9,35,55,yes
P457,19-Apr,10.0,100.0,4.3,yes,no,yes,no,no,no,no,no,11.4,33,90,no
P458,20-Apr,14.0,103.5,1.0,no,no,no,no,no,yes,no,no,17.1,32,65,no
P459,2-Jan,12.0,101.0,3.7,yes,yes,no,yes,yes,no,yes,no,13.6,34,140,yes
P460,22-Apr,3.0,102.0,2.1,yes,no,yes,no,no,yes,yes,no,15.5,36,115,yes
P461,3-Mar,4.0,103.0,4.2,yes,yes,no,yes,no,yes,yes,no,8.5,38,50,yes
P462,4-Mar,5.0,104.0,1.2,yes,no,no,no,yes,yes,yes,no,12.0,39,95,yes
P463,5-Mar,6.0,101.0,1.6,yes,no,yes,no,no,yes,yes,yes,18.7,41,75,yes
P464,11-Jan,7.0,102.0,3.0,yes,yes,no,no,no,no,no,no,10.2,25,110,no
P465,7-Mar,8.0,101.0,2.8,yes,no,no,no,yes,yes,yes,no,11.4,24,135,yes
P466,8-Mar,9.0,103.5,4.8,yes,yes,yes,no,no,yes,yes,no,17.1,30,55,yes
P467,9-Mar,10.0,102.0,1.9,yes,no,no,yes,no,no,yes,no,13.6,28,90,no
P468,10-Mar,4.0,102.0,5.0,yes,yes,no,no,no,yes,yes,yes,15.5,29,65,yes
P469,17-Feb,12.0,103.0,3.4,yes,no,yes,no,yes,yes,yes,no,14.2,31,140,yes
P470,12-Mar,13.0,103.0,2.6,yes,yes,no,yes,no,no,yes,no,11.0,33,115,yes
P471,13-Mar,4.0,104.0,5.0,yes,no,yes,no,no,yes,yes,no,8.6,35,50,yes
P472,20-Dec,3.0,102.0,2.7,yes,no,yes,no,no,no,yes,no,17.8,32,95,yes
P473,15-Mar,4.0,104.0,4.1,yes,no,no,yes,yes,yes,yes,no,12.9,34,75,yes
P474,16-Mar,5.0,105.0,1.7,yes,yes,no,no,no,yes,yes,yes,16.8,36,110,yes
P475,13-Dec,6.0,104.0,3.3,no,no,yes,no,no,yes,no,no,15.9,38,130,no
P476,18-Mar,7.0,103.0,2.4,yes,yes,no,no,no,no,yes,no,10.4,37,70,no
P477,19-Mar,8.0,102.0,4.7,yes,no,no,yes,yes,yes,yes,no,13.7,39,90,yes
P478,17-Jul,9.0,103.5,1.5,yes,yes,yes,no,no,yes,yes,no,9.8,40,140,yes
P479,21-Mar,3.0,103.0,2.9,yes,no,no,yes,no,yes,yes,yes,11.6,41,80,yes
P480,22-Mar,14.0,103.0,3.6,yes,no,yes,no,no,no,no,no,14.1,42,120,no
P481,18-Aug,12.0,104.0,1.1,yes,yes,no,yes,yes,yes,no,no,10.8,43,120,yes
P482,24-Mar,4.0,105.0,4.6,yes,no,no,no,no,yes,yes,no,17.65,22,85,yes
P483,25-Mar,5.0,102.0,2.5,yes,no,yes,no,yes,no,yes,no,12.5,38,60,yes
P484,3-Jan,6.0,103.0,3.5,yes,yes,no,no,yes,yes,yes,no,16.0,23,105,yes
P485,27-Mar,7.0,104.0,2.0,yes,no,no,no,no,no,no,yes,15.2,31,80,no
P486,7-Feb,8.0,102.0,4.9,yes,no,yes,no,no,yes,no,no,8.7,29,125,yes
P487,29-Mar,9.0,103.0,2.1,yes,yes,no,yes,no,no,yes,no,14.9,34,45,yes
P488,30-Mar,2.0,103.5,4.3,yes,no,no,no,yes,no,no,no,11.2,41,100,no
P489,23-Jul,11.0,101.0,2.1,no,no,yes,no,no,yes,no,no,9.2,44,130,no
P490,4-Jan,3.0,104.0,1.0,yes,yes,no,yes,no,yes,yes,no,13.3,27,90,yes
P491,25-Jul,4.0,105.0,3.8,yes,no,yes,no,yes,no,yes,yes,9.5,20,140,yes
P492,2-Jan,5.0,104.0,2.7,yes,no,no,yes,yes,yes,yes,no,18.1,23,80,yes
P493,27-Jul,6.0,103.0,4.5,yes,yes,no,no,no,no,no,no,12.6,20,120,no
P494,28-Jul,7.0,102.0,1.2,yes,no,yes,yes,no,no,yes,no,15.7,32,70,yes
P495,4-Jul,8.0,102.0,2.8,yes,yes,no,no,no,yes,yes,no,17.4,36,120,yes
P496,30-Jul,3.0,103.0,4.2,yes,no,no,yes,yes,yes,yes,no,8.9,42,85,yes
P497,31-Jul,2.0,103.0,3.0,yes,no,yes,no,no,no,no,no,16.3,39,60,no
P498,1-Aug,11.0,104.0,1.5,yes,no,no,yes,no,yes,yes,no,13.0,26,105,yes
P499,2-Aug,3.0,105.0,4.7,yes,yes,no,no,no,no,no,no,11.4,45,80,no
P500,3-Aug,13.0,103.5,2.4,yes,no,yes,yes,yes,no,yes,yes,14.4,25,125,yes
P501,3-Jan,4.0,101.0,3.6,yes,no,no,no,no,yes,no,no,10.9,33,45,no
P502,5-Aug,5.0,101.0,1.3,yes,yes,no,yes,no,yes,yes,no,18.6,28,100,yes
P503,6-Aug,6.0,102.0,4.8,yes,no,yes,no,no,yes,yes,no,12.1,35,135,yes
P504,11-Jan,7.0,102.0,5.0,yes,no,no,yes,yes,no,no,yes,15.5,43,55,yes
P505,8-Aug,3.0,103.0,5.0,yes,yes,yes,no,no,yes,yes,no,8.5,24,120,yes
P506,9-Aug,9.0,104.0,1.0,yes,no,no,yes,no,no,no,no,11.0,21,85,no
P507,4-Jan,10.0,105.0,3.3,yes,no,yes,no,yes,yes,yes,no,14.7,40,60,yes
P508,11-Aug,6.0,102.0,1.6,yes,yes,no,yes,no,no,yes,yes,16.1,22,105,yes
P509,12-Aug,12.0,103.0,2.9,yes,no,yes,no,no,yes,yes,no,9.3,33,90,yes
P510,8-Feb,4.0,103.0,4.4,no,yes,yes,yes,no,no,no,yes,17.0,31,110,yes
P511,14-Aug,5.0,104.0,2.5,yes,no,no,no,yes,yes,no,yes,13.9,32,80,yes
P512,4-Jul,6.0,102.0,3.7,yes,yes,no,yes,no,no,yes,yes,15.4,37,125,yes
P513,22-Jan,7.0,104.0,2.0,yes,no,yes,no,no,no,no,no,8.8,43,85,no
P514,6-Jul,8.0,105.0,3.8,yes,yes,no,no,yes,no,yes,no,11.7,30,60,yes
P515,23-Aug,9.0,101.0,4.8,yes,no,no,yes,no,no,no,no,17.2,25,105,no
P516,8-Jul,10.0,100.0,1.8,yes,yes,yes,no,no,yes,yes,no,12.8,34,80,yes
P517,9-Jul,11.0,102.0,2.3,yes,no,no,no,no,yes,yes,yes,15.1,40,125,yes
P518,4-Jan,4.0,103.0,3.4,yes,yes,no,yes,yes,no,yes,no,10.5,22,45,yes
P519,6-Jul,6.0,104.0,1.4,no,no,yes,no,no,no,no,no,18.0,32,100,no
P520,12-Jul,7.0,102.0,4.1,yes,yes,no,yes,yes,yes,yes,no,13.6,30,135,yes
P521,13-Jul,2.0,101.0,2.1,yes,no,no,no,no,no,no,no,8.5,37,55,no
P522,3-Jun,3.0,102.0,3.5,yes,no,yes,no,no,no,no,no,16.9,43,110,no
P523,15-Jul,4.0,102.0,3.3,yes,yes,no,yes,yes,no,yes,no,9.9,22,55,yes
P524,5-Jan,6.0,103.0,3.4,yes,no,no,no,no,no,no,yes,14.6,25,90,no
P525,7-Mar,6.0,100.0,3.6,yes,no,yes,yes,no,yes,yes,no,11.9,25,65,yes
P526,18-Jul,7.0,104.0,1.9,yes,yes,yes,no,yes,no,yes,no,13.5,34,140,yes
P527,19-Jul,8.0,102.0,3.8,yes,no,no,no,no,yes,no,no,8.6,40,115,no
P528,4-Apr,9.0,103.0,2.8,yes,yes,yes,yes,yes,no,yes,no,18.4,22,50,yes
P529,21-Jul,3.0,104.0,4.6,yes,no,no,no,no,no,no,no,12.3,32,120,no
P530,22-Jul,4.0,103.5,1.5,yes,no,yes,yes,no,yes,no,yes,15.8,27,95,yes
P531,17-Mar,5.0,101.0,3.2,yes,yes,yes,no,yes,no,yes,no,8.5,39,75,yes
P532,24-Jul,6.0,102.0,2.6,yes,no,no,no,no,no,no,no,16.5,23,130,no
P533,22-Oct,7.0,103.0,4.3,yes,no,no,no,yes,no,no,no,9.1,31,110,no
P534,26-Jul,8.0,104.0,1.0,yes,yes,no,no,no,no,no,no,14.3,44,70,no
P535,27-Jul,9.0,103.0,3.7,yes,no,yes,yes,no,yes,yes,yes,9.7,26,120,yes
P536,26-Nov,14.0,102.0,2.4,yes,yes,no,no,yes,yes,yes,no,14.2,38,85,yes
P537,5-Dec,11.0,104.0,4.1,yes,no,yes,no,yes,yes,yes,no,10.6,42,60,yes
P538,30-Jul,3.0,103.0,1.2,yes,no,no,yes,no,no,no,no,18.8,21,90,no
P539,4-Jan,4.0,102.0,3.3,yes,yes,no,no,yes,yes,yes,no,16.6,23,140,yes
P540,1-Aug,5.0,101.0,2.0,yes,no,yes,no,no,no,no,no,13.7,33,80,no
P541,4-Feb,6.0,100.0,5.0,yes,yes,no,yes,yes,yes,no,no,8.7,22,120,yes
P542,3-Aug,7.0,103.5,1.0,yes,yes,no,no,no,no,no,yes,9.0,36,105,no
P543,22-Aug,8.0,102.0,2.2,yes,no,yes,yes,yes,no,yes,no,15.0,29,80,yes
P544,6-Jun,9.0,103.0,3.9,yes,yes,yes,no,no,yes,yes,no,11.3,41,125,yes
P545,3-Nov,3.0,104.0,1.1,yes,yes,no,yes,yes,no,yes,no,14.0,24,45,yes
P546,8-Jun,14.0,103.0,4.0,no,no,yes,no,no,no,no,no,12.0,35,100,no
P547,9-Jun,3.0,102.0,2.7,yes,yes,no,no,yes,yes,yes,no,10.8,45,135,yes
P548,22-Apr,4.0,104.0,4.4,yes,yes,yes,yes,no,no,yes,no,16.4,37,55,yes
P549,11-Jun,5.0,102.0,1.5,yes,no,no,no,yes,yes,yes,yes,9.6,31,90,yes
P550,12-Jun,6.0,103.0,3.1,yes,yes,no,yes,no,yes,yes,no,8.5,39,65,yes
P551,17-Mar,7.0,104.0,2.3,yes,no,yes,yes,no,yes,yes,no,17.5,24,140,yes
P552,14-Jun,8.0,102.0,4.7,yes,no,no,no,yes,no,no,no,15.9,26,80,no
P553,22-Apr,9.0,103.0,1.6,yes,no,no,no,no,yes,no,no,13.8,43,120,no
P554,16-Jun,14.0,102.0,2.5,yes,yes,yes,yes,no,yes,yes,no,9.4,38,140,yes
P555,17-Jun,3.0,103.5,3.8,yes,no,no,no,yes,no,no,no,17.7,22,115,no
P556,16-Feb,4.0,100.0,1.4,yes,yes,yes,no,no,yes,yes,yes,17.1,24,60,yes
P557,19-Jun,5.0,103.0,4.2,yes,no,no,yes,yes,yes,yes,no,16.2,44,90,yes
P558,23-Oct,6.0,102.0,2.6,yes,yes,yes,no,no,yes,yes,no,8.5,21,110,yes
P559,21-Jun,7.0,104.0,2.6,yes,no,no,no,no,no,no,no,12.4,29,125,no
P560,10-Mar,8.0,100.0,4.6,yes,yes,yes,yes,yes,yes,no,no,15.6,42,45,yes
P561,23-Jun,9.0,103.0,1.3,yes,no,no,no,no,no,yes,no,9.0,28,100,no
P562,22-Nov,4.0,102.0,4.7,yes,no,no,no,no,yes,no,no,13.1,30,135,no
P563,25-Jun,6.0,104.0,3.7,yes,no,yes,yes,yes,no,yes,no,18.3,32,140,yes
P564,13-Mar,2.0,103.5,2.1,yes,yes,no,no,no,yes,yes,yes,8.5,25,115,yes
P565,2-Feb,3.0,101.0,4.5,no,yes,no,no,no,no,no,no,16.7,36,125,no
P566,3-Feb,4.0,103.0,2.4,yes,no,yes,no,yes,yes,yes,no,14.8,23,50,yes
P567,4-Feb,5.0,102.0,1.2,yes,no,no,yes,no,no,no,no,11.9,33,95,yes
P568,22-Nov,6.0,104.0,3.2,yes,yes,no,no,no,no,no,no,10.0,40,75,no
P569,6-Feb,7.0,102.0,2.8,yes,no,yes,no,no,yes,yes,yes,17.3,35,110,yes
P570,17-Mar,8.0,103.0,4.3,yes,no,no,yes,yes,yes,yes,no,15.1,27,110,yes
P571,8-Feb,9.0,103.0,1.6,yes,yes,yes,no,no,yes,yes,no,8.5,45,135,yes
P572,13-Jan,4.0,104.0,2.4,yes,no,no,yes,yes,yes,yes,yes,12.2,44,55,yes
P573,10-Feb,5.0,102.0,4.0,yes,no,yes,no,no,no,no,no,8.5,20,90,no
P574,22-Nov,2.0,104.0,2.9,yes,yes,no,no,yes,yes,yes,no,9.9,41,65,yes
P575,12-Feb,3.0,102.0,1.5,yes,yes,yes,yes,yes,no,yes,no,16.3,31,140,yes
P576,18-Aug,4.0,103.0,4.2,yes,yes,yes,no,no,yes,yes,yes,8.6,37,115,yes
P577,14-Feb,5.0,104.0,4.1,yes,no,no,no,no,no,no,no,15.0,39,50,no
P578,24-Feb,6.0,102.0,1.7,yes,no,yes,yes,no,yes,yes,no,9.0,22,95,yes
P579,16-Feb,7.0,103.0,2.7,yes,yes,no,no,yes,yes,yes,yes,13.3,28,75,yes
P580,16-Jan,2.0,102.0,4.4,yes,no,no,no,no,no,no,no,18.7,43,110,no
P581,4-Aug,3.0,103.5,1.9,yes,no,yes,yes,no,yes,yes,no,8.5,24,90,yes
P582,5-Aug,4.0,102.0,3.3,yes,yes,no,no,yes,yes,yes,no,11.7,26,110,yes
P583,6-Aug,5.0,103.0,2.5,yes,no,yes,yes,no,yes,yes,no,14.6,30,130,yes
P584,7-Aug,6.0,104.0,4.2,yes,yes,no,no,yes,yes,yes,no,10.9,32,70,yes
P585,8-Aug,7.0,103.0,1.4,yes,yes,yes,yes,no,no,yes,yes,12.5,44,120,yes
P586,9-Aug,8.0,102.0,3.6,no,yes,no,no,yes,no,no,no,16.0,21,85,no
P587,16-Apr,4.0,104.0,2.3,yes,no,yes,no,no,yes,yes,no,8.6,38,60,yes
P588,4-Apr,10.0,100.0,4.7,yes,yes,no,yes,no,yes,yes,yes,9.2,45,105,yes
P589,13-Jan,14.0,101.0,1.8,yes,no,yes,yes,yes,yes,no,no,17.2,27,80,yes
P590,3-Mar,12.0,102.0,1.0,yes,no,no,no,no,no,yes,no,15.5,35,85,no
P591,22-Feb,2.0,103.0,5.0,yes,yes,yes,yes,yes,no,no,yes,13.6,23,125,yes
P592,12-Mar,3.0,104.0,2.8,yes,no,no,no,no,no,yes,no,11.4,36,135,no
P593,30-Jan,4.0,102.0,3.8,yes,yes,yes,yes,yes,no,no,yes,10.1,24,90,yes
P594,2-May,5.0,103.0,2.5,yes,no,no,no,no,no,no,no,18.5,41,110,no
P595,4-May,6.0,104.0,1.0,no,no,no,no,no,yes,no,no,12.8,25,100,no
P596,7-May,7.0,102.0,3.7,yes,yes,yes,no,yes,no,yes,yes,14.3,37,135,yes
P597,4-Feb,8.0,103.0,2.9,yes,no,no,no,no,no,yes,no,16.9,42,55,no
P598,5-Feb,6.0,104.0,4.4,yes,yes,yes,yes,no,yes,yes,no,9.8,34,90,yes
P599,2-Jan,4.0,100.0,1.2,yes,yes,yes,no,yes,yes,no,no,8.5,35,140,yes
P600,7-Feb,7.0,102.0,2.6,yes,yes,no,no,no,yes,yes,yes,15.2,22,80,yes
P601,8-Feb,3.0,102.0,4.8,yes,yes,yes,yes,yes,no,no,no,13.5,43,120,yes
P602,9-Feb,4.0,103.0,1.5,yes,no,no,no,no,no,yes,no,11.1,20,90,no
P603,3-May,5.0,104.0,3.5,yes,no,no,no,no,yes,no,no,14.1,28,65,no
P604,11-Feb,6.0,104.0,2.3,yes,yes,yes,no,yes,no,yes,yes,10.6,29,140,yes
P605,12-Feb,14.0,102.0,4.0,no,no,no,no,no,yes,no,no,17.7,31,115,no
P606,5-Jul,8.0,103.0,2.9,yes,yes,yes,yes,yes,no,yes,no,8.7,39,50,yes
P607,14-Feb,4.0,104.0,3.9,yes,no,yes,no,no,yes,yes,yes,9.3,26,90,yes
P608,15-Feb,10.0,103.5,2.6,yes,no,no,yes,no,yes,no,no,12.0,44,95,yes
P609,7-Jun,11.0,103.0,1.8,yes,yes,yes,no,yes,no,yes,no,16.1,32,75,yes
P610,17-Feb,3.0,104.0,2.8,yes,yes,no,yes,no,no,yes,yes,15.4,21,110,yes
P611,2-May,4.0,102.0,3.6,yes,yes,yes,no,yes,yes,no,no,13.8,45,130,yes
P612,19-Feb,5.0,103.0,1.4,yes,no,no,no,no,no,yes,no,8.5,33,70,no
P613,9-Aug,6.0,104.0,4.3,yes,yes,yes,yes,no,yes,yes,no,10.8,30,120,yes
P614,21-Feb,7.0,102.0,4.8,yes,no,no,no,no,no,no,yes,17.4,38,85,no
P615,3-May,4.0,103.0,5.0,yes,yes,no,no,no,no,no,no,11.6,27,60,no
P616,23-Feb,9.0,104.0,4.7,yes,no,yes,yes,no,yes,yes,no,14.4,42,105,yes
P617,5-May,3.0,100.0,2.0,no,yes,no,no,no,no,no,no,12.9,36,80,no
P618,25-Feb,11.0,101.0,3.0,yes,no,no,no,no,no,yes,no,18.8,23,125,no
P619,4-Feb,6.0,102.0,2.5,yes,no,yes,yes,no,yes,yes,no,16.6,25,45,yes
P620,3-Apr,3.0,103.0,4.8,yes,yes,no,no,yes,yes,yes,yes,13.2,29,100,yes
P621,4-Apr,4.0,102.0,3.1,yes,no,yes,yes,yes,no,no,no,8.9,40,135,yes
P622,5-Apr,5.0,103.0,1.7,yes,yes,no,no,no,no,no,no,15.6,34,55,no
P623,6-Apr,6.0,104.0,2.2,yes,no,yes,yes,yes,yes,yes,no,10.3,35,95,yes
P624,7-Apr,7.0,100.0,5.0,yes,yes,no,no,no,no,no,no,14.9,25,90,no
P625,8-Apr,3.0,101.0,3.9,yes,no,yes,yes,yes,yes,yes,no,12.6,31,65,yes
P626,9-Apr,9.0,103.0,4.6,yes,no,no,no,no,no,no,yes,9.5,37,140,no
P627,10-Apr,10.0,102.0,1.4,yes,yes,yes,yes,no,yes,no,no,17.0,22,115,yes
P628,11-Apr,4.0,104.0,4.0,no,no,no,no,no,no,yes,no,11.3,41,50,no
P629,3-Mar,14.0,103.5,2.0,yes,yes,yes,no,no,yes,no,yes,15.7,24,95,yes
P630,13-Apr,2.0,101.0,3.6,yes,no,no,yes,yes,no,no,no,8.5,43,110,yes
P631,4-Mar,3.0,103.0,1.3,yes,yes,yes,no,no,yes,yes,no,13.4,25,70,yes
P632,15-Apr,4.0,102.0,4.5,yes,no,no,no,no,no,no,no,16.5,26,120,no
P633,11-Mar,5.0,104.0,3.2,yes,no,no,no,no,yes,no,no,10.7,45,130,no
P634,17-Apr,6.0,103.0,2.8,yes,yes,yes,no,yes,no,yes,no,14.2,28,70,yes
P635,2-Feb,7.0,102.0,4.7,yes,no,no,yes,no,yes,no,yes,12.4,32,120,yes
P636,4-Jan,8.0,103.0,2.4,yes,yes,no,no,no,no,no,no,9.6,39,80,no
P637,20-Apr,3.0,104.0,5.0,yes,yes,yes,yes,yes,no,yes,no,18.1,20,120,yes
P638,21-Apr,14.0,102.0,1.0,no,no,yes,no,no,yes,no,no,16.2,44,135,no
P639,16-Feb,3.0,103.0,3.5,yes,yes,no,no,yes,yes,yes,no,8.8,24,55,yes
P640,23-Apr,4.0,103.0,1.9,yes,yes,yes,yes,no,yes,no,yes,15.3,43,90,yes
P641,2-Feb,5.0,102.0,2.4,yes,yes,no,no,no,no,no,no,11.5,32,65,no
P642,25-Apr,6.0,101.0,4.4,yes,no,yes,yes,no,yes,yes,no,17.6,26,40,yes
P643,26-Apr,7.0,100.0,3.3,yes,yes,yes,no,yes,no,no,yes,9.1,21,80,yes
P644,4-Mar,8.0,102.0,1.6,yes,no,no,no,no,no,no,no,13.7,45,125,no
P645,2-Feb,3.0,103.0,4.3,yes,no,yes,yes,yes,yes,yes,no,12.1,28,110,yes
P646,12-Jan,10.0,102.0,2.7,yes,yes,no,no,no,no,no,no,15.9,35,130,no
P647,30-Apr,2.0,103.0,3.8,yes,no,no,yes,yes,yes,yes,no,10.4,23,70,yes
P648,1-May,12.0,104.0,1.5,no,yes,yes,no,no,no,no,no,18.6,39,125,no
P649,2-May,4.0,103.5,3.6,yes,no,no,yes,yes,yes,yes,no,16.0,27,45,yes
P650,28-Jan,14.0,102.0,1.0,yes,yes,no,no,no,no,no,no,8.5,41,100,no
P651,4-May,3.0,103.0,5.0,yes,no,no,no,no,no,yes,no,14.0,33,115,no
P652,30-Jan,2.0,104.0,2.6,yes,no,no,no,no,no,no,yes,11.8,20,50,no
P653,6-May,3.0,101.0,3.0,yes,yes,yes,yes,yes,no,no,no,17.3,30,45,yes
P654,3-Apr,4.0,100.0,4.2,yes,no,no,no,no,yes,no,no,9.7,33,110,no
P655,8-May,5.0,102.0,1.3,yes,yes,no,yes,yes,no,no,yes,13.3,24,85,yes
P656,9-May,6.0,103.0,3.7,yes,yes,yes,no,no,yes,yes,no,14.8,22,60,yes
P657,10-May,7.0,104.0,2.4,yes,no,no,yes,yes,no,no,yes,10.5,44,85,yes
P658,2-Feb,2.0,102.0,4.0,no,no,no,no,no,no,no,no,16.8,31,80,no
P659,12-May,9.0,103.0,4.3,yes,yes,yes,yes,yes,yes,yes,yes,8.5,23,90,yes
P660,13-May,14.0,104.0,5.0,yes,no,no,no,no,no,no,no,18.4,27,65,no
P661,14-May,3.0,102.0,2.0,yes,yes,yes,no,no,yes,yes,yes,12.9,22,140,yes
P662,3-Jan,4.0,103.0,2.4,yes,no,yes,yes,yes,no,no,no,15.6,41,125,yes
P663,16-May,5.0,102.0,4.0,yes,yes,no,no,no,no,no,no,9.8,38,45,no
P664,5-Jan,6.0,101.0,1.5,yes,no,yes,no,yes,yes,yes,no,11.6,32,90,yes
P665,11-Feb,7.0,103.0,2.7,yes,yes,no,yes,no,yes,no,no,14.5,33,65,yes
P666,19-May,8.0,104.0,4.3,yes,no,yes,no,yes,yes,yes,yes,16.3,30,140,yes
P667,17-Mar,3.0,103.5,3.0,yes,yes,yes,yes,no,yes,no,no,10.9,24,80,yes
P668,21-May,2.0,100.0,1.7,yes,no,no,no,no,no,yes,no,8.5,37,125,no
P669,3-Apr,3.0,102.0,4.8,yes,yes,yes,no,yes,yes,no,no,17.0,26,45,yes
P670,23-May,4.0,103.0,2.2,yes,no,no,yes,no,no,no,no,8.7,43,95,yes
P671,4-May,5.0,104.0,3.5,yes,yes,no,no,yes,yes,yes,no,10.2,20,75,yes
P672,8-Jun,6.0,101.0,5.0,yes,no,no,no,no,no,no,no,11.8,45,110,no
P673,26-May,7.0,100.0,1.6,yes,no,no,no,no,yes,no,no,9.3,35,90,no
P674,9-Jul,3.0,102.0,4.4,yes,yes,yes,no,yes,no,yes,yes,12.4,29,65,yes
P675,28-May,9.0,103.0,1.8,yes,no,no,yes,no,no,yes,no,15.5,42,140,yes
P676,3-Feb,4.0,104.0,4.9,yes,yes,no,no,no,no,no,no,13.1,22,120,no
P677,2-Mar,3.0,102.0,2.0,yes,no,yes,yes,yes,no,yes,yes,14.0,38,85,yes
P678,4-May,2.0,102.0,3.4,yes,no,no,no,no,no,yes,no,14.8,45,60,no
P679,1-Jun,5.0,103.5,1.4,yes,yes,yes,yes,no,yes,no,yes,16.6,33,55,yes
P680,2-Jun,6.0,104.0,1.7,yes,no,no,no,no,no,no,no,18.5,37,90,no
P681,3-Jun,3.0,102.0,4.7,yes,no,no,no,no,no,yes,no,15.0,26,65,no
P682,4-Jun,5.0,103.0,2.3,yes,yes,yes,yes,yes,no,no,yes,9.0,41,90,yes
P683,5-Jun,6.0,102.0,3.2,yes,no,yes,yes,no,yes,yes,no,8.5,35,140,yes
P684,6-Jun,2.0,101.0,1.9,yes,yes,yes,yes,yes,no,no,yes,10.9,43,80,yes
P685,3-Jan,6.0,103.0,4.5,yes,yes,yes,yes,yes,yes,yes,yes,11.2,21,120,yes
P686,4-Jan,3.0,102.0,1.0,yes,no,no,no,no,no,no,no,14.1,22,100,no
P687,16-Apr,4.0,101.0,5.0,yes,yes,yes,no,yes,no,yes,yes,16.3,24,135,yes
P688,6-Jan,5.0,103.0,3.3,yes,no,no,no,no,no,no,yes,17.9,32,55,no
P689,7-Jan,6.0,102.0,2.7,yes,yes,yes,no,yes,yes,yes,no,9.7,29,65,yes
P690,19-May,3.0,103.5,3.8,yes,no,no,yes,no,no,no,no,13.8,34,90,no
P691,20-Jun,8.0,103.0,1.6,yes,no,no,no,no,no,yes,no,10.7,25,110,no
P692,10-Jan,9.0,104.0,4.6,yes,yes,yes,yes,yes,no,no,yes,8.6,27,75,yes
P693,3-May,14.0,100.0,24.0,yes,no,yes,yes,no,yes,yes,yes,15.0,45,85,yes
P694,12-Jan,4.0,102.0,3.5,yes,yes,yes,no,yes,no,yes,no,12.6,20,70,yes
P695,20-Jul,5.0,104.0,1.9,yes,no,no,yes,no,no,no,no,14.5,31,90,no
P696,14-Jan,6.0,102.0,5.0,yes,yes,yes,no,yes,yes,yes,no,18.8,32,140,yes
P697,15-Jan,7.0,103.0,4.3,yes,yes,no,yes,no,yes,yes,yes,9.2,34,80,yes
P698,20-Aug,3.0,102.0,2.5,yes,no,yes,no,yes,yes,no,yes,13.5,29,120,yes
P699,21-Aug,9.0,100.0,3.6,yes,no,no,yes,no,no,no,no,15.2,31,120,no
P700,3-Feb,4.0,104.0,1.4,yes,yes,no,no,no,no,no,no,10.5,36,85,no
P701,23-Aug,3.0,100.0,4.6,yes,yes,yes,no,yes,no,yes,yes,12.2,35,95,yes
P702,24-Aug,4.0,103.5,4.2,yes,yes,no,yes,no,yes,no,yes,16.9,34,90,yes
P703,6-Mar,5.0,100.0,2.8,yes,no,yes,no,yes,yes,yes,no,18.2,31,140,yes
P704,26-Aug,6.0,102.0,3.0,yes,no,no,yes,no,no,no,no,8.9,30,80,no
P705,27-Aug,7.0,1033.0,1.7,yes,yes,yes,no,yes,no,yes,yes,9.8,26,120,yes
P706,7-Apr,4.0,101.0,4.8,no,no,no,no,no,yes,no,no,11.5,28,75,no
P707,29-Aug,9.0,102.0,2.2,yes,yes,yes,yes,no,no,no,yes,14.7,25,110,yes
P708,18-May,14.0,103.0,3.4,yes,no,no,no,no,no,yes,no,17.6,26,130,no
P709,31-Aug,3.0,104.0,2.3,yes,no,no,no,yes,no,no,no,16.1,24,70,no
P710,1-Sep,4.0,100.0,3.1,yes,yes,yes,no,no,yes,yes,yes,12.9,20,120,yes
P711,16-Jun,5.0,102.0,1.8,yes,no,no,no,yes,no,no,no,14.7,38,45,no
P712,3-Sep,6.0,101.0,4.9,yes,yes,yes,yes,no,yes,no,yes,17.6,26,100,yes
P713,2-Jan,7.0,103.0,2.0,yes,no,no,no,no,no,yes,no,16.1,40,135,no
P714,5-Sep,3.0,104.0,3.2,yes,yes,no,yes,no,yes,no,yes,12.9,37,55,yes
P715,6-Sep,9.0,102.0,1.6,no,yes,yes,no,yes,yes,yes,no,13.3,25,90,yes
P716,7-Sep,3.0,103.0,4.4,yes,no,no,yes,no,no,no,no,15.9,45,80,no
P717,8-Sep,4.0,103.5,2.6,yes,yes,yes,no,yes,no,yes,yes,11.3,28,120,yes
P718,9-Sep,5.0,104.0,3.3,yes,yes,no,yes,no,no,yes,yes,14.3,41,65,yes
P719,10-Sep,6.0,102.0,1.0,yes,no,no,no,no,yes,no,no,9.5,32,140,no
P720,20-Jan,14.0,104.0,4.5,yes,yes,yes,no,yes,no,no,yes,12.3,36,115,yes
P721,12-Sep,8.0,103.0,2.1,yes,yes,no,yes,no,yes,yes,no,15.3,33,90,yes
P722,3-May,9.0,104.0,3.8,yes,yes,yes,no,yes,no,no,yes,18.6,30,110,yes
P723,14-Sep,4.0,102.0,2.7,yes,yes,no,yes,no,yes,no,yes,10.8,38,65,yes
P724,15-Sep,6.0,104.0,2.1,yes,no,no,no,no,no,yes,no,11.7,33,140,no
P725,2-Dec,3.0,102.0,3.2,yes,yes,no,no,no,no,no,no,9.4,23,115,no
P726,17-Sep,4.0,103.0,1.6,yes,no,yes,yes,yes,yes,no,yes,13.2,40,50,yes
P727,3-Oct,5.0,102.0,4.4,yes,yes,yes,no,yes,yes,yes,no,15.7,21,95,yes
P728,4-Oct,6.0,104.0,2.5,yes,no,no,no,no,yes,no,no,18.4,27,75,no
P729,5-Oct,8.0,105.0,3.3,yes,yes,no,yes,yes,no,yes,no,8.8,31,120,yes
P730,16-Jan,8.0,102.0,1.0,yes,yes,no,no,no,no,no,no,10.2,39,110,no
P731,7-Oct,9.0,103.0,4.0,yes,no,no,yes,yes,no,yes,yes,8.5,24,130,yes
P732,5-Feb,4.0,104.0,2.7,yes,no,yes,yes,no,yes,yes,no,13.9,42,70,yes
P733,7-Mar,3.0,103.5,3.7,yes,yes,no,yes,yes,no,no,yes,10.1,44,120,yes
P734,10-Oct,14.0,102.0,1.9,no,no,yes,no,no,no,no,no,12.7,29,85,no
P735,11-Oct,2.0,104.0,4.6,yes,yes,no,no,no,no,no,no,17.5,27,130,no
P736,3-Aug,3.0,102.0,2.2,yes,no,yes,no,yes,yes,yes,yes,10.0,45,70,yes
P737,13-Oct,4.0,100.0,3.5,yes,yes,no,no,no,no,no,no,16.4,26,120,no
P738,30-Aug,5.0,102.0,1.1,yes,no,yes,yes,yes,no,yes,yes,15.6,36,85,yes
P739,15-Oct,6.0,103.0,3.0,yes,no,no,no,no,no,no,no,10.4,25,140,no
P740,2-May,7.0,104.0,1.7,yes,yes,no,yes,no,yes,no,yes,13.7,24,80,yes
P741,17-Oct,3.0,102.0,4.8,yes,yes,yes,yes,yes,no,yes,no,9.1,43,120,yes
P742,4-Jan,9.0,103.0,2.3,yes,no,no,no,no,no,no,no,16.2,21,55,no
P743,19-Oct,4.0,104.0,3.6,yes,no,yes,yes,yes,no,yes,yes,8.6,41,90,yes
P744,14-Feb,2.0,100.0,1.2,yes,no,no,no,no,no,no,no,16.4,30,65,no
P745,6-Mar,3.0,102.0,4.2,no,no,no,no,no,no,yes,no,8.7,38,140,no
P746,7-Apr,4.0,101.0,2.9,yes,yes,yes,no,yes,yes,no,yes,12.8,33,110,yes
P747,23-Oct,5.0,103.0,3.4,yes,yes,no,yes,no,no,yes,yes,15.8,44,140,yes
P748,8-May,3.0,102.0,1.5,yes,yes,yes,yes,no,yes,no,yes,15.4,25,115,yes
P749,2-Jun,7.0,103.0,4.7,yes,no,no,no,no,no,yes,no,9.3,27,50,no
P750,26-Oct,2.0,102.0,2.4,yes,yes,yes,no,yes,yes,no,no,11.9,42,90,yes
P751,16-Mar,3.0,103.0,3.1,yes,yes,yes,yes,no,no,yes,yes,14.2,28,140,yes
P752,28-Oct,4.0,101.0,1.8,yes,yes,yes,no,yes,yes,no,no,18.3,34,80,yes
P753,22-Jan,5.0,100.0,4.9,yes,no,no,yes,no,yes,yes,yes,18.4,24,120,yes
P754,30-Oct,6.0,103.5,1.0,yes,yes,yes,no,yes,no,no,no,8.8,37,70,yes
P755,23-May,7.0,102.0,4.0,yes,no,no,no,no,yes,no,no,10.3,26,120,no
P756,1-Nov,8.0,101.0,2.7,yes,no,no,yes,no,no,no,no,12.1,43,85,no
P757,2-Nov,4.0,100.0,3.8,yes,yes,yes,no,yes,yes,no,yes,15.1,22,90,yes
P758,16-Jan,2.0,102.0,1.9,yes,no,no,no,no,no,yes,no,17.3,33,110,no
P759,4-Nov,3.0,101.0,4.6,yes,yes,no,no,yes,yes,no,yes,16.7,38,105,yes
P760,13-Nov,4.0,102.0,2.2,yes,no,yes,yes,yes,yes,yes,no,10.0,29,80,yes
P761,14-Nov,5.0,103.0,3.5,yes,no,no,no,no,no,yes,no,11.6,26,85,no
P762,3-May,6.0,105.0,1.4,yes,yes,yes,no,yes,yes,no,no,13.6,33,90,yes
P763,16-Nov,7.0,104.0,4.1,yes,no,no,no,no,no,no,yes,10.6,31,140,no
P764,4-Jan,14.0,103.5,2.8,yes,yes,yes,yes,no,no,yes,no,14.6,28,80,yes
P765,18-Nov,9.0,102.0,3.0,yes,yes,no,no,yes,yes,no,yes,17.8,34,120,yes
P766,5-Feb,4.0,103.0,1.7,yes,yes,yes,yes,yes,no,yes,no,16.4,45,80,yes
P767,6-Jul,4.0,101.0,4.7,yes,yes,no,no,yes,yes,no,yes,8.7,21,125,yes
P768,21-Nov,2.0,102.0,2.3,yes,no,yes,yes,no,no,yes,yes,17.7,37,45,yes
P769,17-Jan,3.0,103.0,5.0,yes,yes,no,no,yes,yes,yes,no,16.4,24,100,yes
P770,23-Nov,4.0,101.0,4.2,yes,no,no,yes,no,no,no,no,8.6,22,135,no
P771,5-Feb,5.0,100.0,2.9,yes,no,yes,yes,yes,no,yes,no,9.3,31,60,yes
P772,25-Nov,6.0,102.0,1.9,yes,yes,no,no,no,no,no,no,13.4,39,105,no
P773,19-Mar,7.0,103.0,3.2,yes,no,no,yes,no,no,no,no,15.8,43,130,no
P774,27-Nov,4.0,102.0,2.2,yes,yes,yes,no,yes,yes,yes,yes,10.7,25,70,yes
P775,14-Feb,9.0,101.0,3.5,yes,no,no,no,no,no,no,no,12.5,23,120,no
P776,3-Jun,14.0,100.0,2.2,yes,no,yes,yes,yes,no,yes,yes,16.8,37,80,yes
P777,7-Jul,2.0,103.5,1.8,yes,yes,no,no,yes,yes,no,yes,18.1,34,120,yes
P778,1-Dec,3.0,100.0,4.8,yes,no,yes,yes,no,no,yes,yes,8.9,30,120,yes
P779,2-Dec,4.0,102.0,2.4,yes,yes,yes,yes,yes,yes,yes,yes,11.4,45,85,yes
P780,14-Aug,5.0,103.0,3.5,yes,no,no,no,no,no,no,no,14.9,28,60,no
P781,18-May,6.0,104.0,5.0,yes,no,yes,no,yes,yes,no,yes,8.9,39,90,yes
P782,25-Nov,7.0,102.0,1.0,yes,yes,no,yes,no,yes,yes,no,9.2,22,110,yes
P783,26-Nov,8.0,100.0,1.3,yes,no,no,no,yes,no,no,no,18.7,33,105,no
P784,3-May,9.0,101.0,4.0,yes,yes,yes,yes,no,yes,yes,yes,8.8,31,85,yes
P785,28-Nov,3.0,103.0,2.8,yes,no,no,no,no,no,yes,no,10.3,40,80,no
P786,4-Jan,6.0,102.0,3.2,yes,yes,yes,no,yes,yes,no,yes,12.1,24,90,yes
P787,30-Nov,5.0,100.0,2.5,yes,yes,no,yes,no,no,yes,yes,15.1,41,140,yes
P788,5-Feb,2.0,101.0,3.7,yes,no,yes,no,yes,no,yes,yes,17.3,29,80,yes
P789,17-Aug,3.0,103.5,1.9,yes,yes,no,yes,no,yes,no,yes,16.7,22,120,yes
P790,3-Dec,4.0,100.0,4.6,yes,no,no,no,no,no,yes,no,9.1,33,130,no
P791,4-Dec,5.0,102.0,2.2,yes,yes,yes,yes,yes,yes,no,no,11.6,31,70,yes
P792,14-Feb,6.0,103.0,3.5,yes,no,no,no,no,no,no,no,13.6,40,120,no
P793,6-Dec,7.0,105.0,1.4,yes,no,yes,no,yes,yes,yes,no,10.6,24,90,yes
P794,14-Nov,8.0,102.0,1.8,yes,yes,no,yes,no,no,yes,yes,14.6,41,110,yes
P795,8-Dec,3.0,101.0,4.8,yes,no,no,no,no,yes,no,no,17.8,40,70,no
P796,9-Dec,4.0,103.0,2.6,yes,yes,yes,yes,yes,no,yes,no,16.4,24,120,yes
P797,10-Dec,5.0,102.0,3.8,yes,no,no,no,no,yes,no,no,8.7,41,85,no
P798,11-Dec,6.0,105.0,1.1,yes,yes,yes,yes,yes,no,no,yes,15.0,29,60,yes
P799,12-Dec,7.0,104.0,4.2,yes,no,no,no,no,yes,no,no,9.6,28,105,no
P800,3-Jan,5.0,102.0,2.9,yes,yes,no,yes,yes,no,no,yes,11.9,38,80,yes
P801,14-Dec,9.0,103.0,3.6,yes,yes,yes,no,no,yes,yes,yes,14.2,21,120,yes
P802,25-Feb,14.0,101.0,1.4,yes,no,no,no,yes,no,no,no,18.3,43,55,no
P803,2-Jan,2.0,102.0,1.7,yes,yes,yes,yes,no,no,yes,yes,8.5,26,90,yes
P804,7-Feb,3.0,103.5,3.1,yes,no,no,no,no,yes,no,no,13.9,36,65,no
P805,18-Dec,4.0,102.0,1.5,yes,yes,no,yes,yes,yes,no,yes,10.1,22,90,yes
P806,17-Feb,5.0,101.0,5.0,yes,yes,yes,no,yes,no,yes,yes,12.7,37,110,yes
P807,20-Dec,6.0,100.0,4.9,yes,no,no,no,no,yes,no,no,17.5,34,70,no
P808,5-Apr,7.0,102.0,3.5,yes,yes,yes,yes,no,no,yes,yes,18.7,26,120,yes
P809,22-Dec,4.0,103.0,2.0,yes,no,yes,no,yes,no,yes,yes,8.6,31,85,yes
P810,8-May,6.0,103.5,3.2,yes,no,no,no,no,no,no,no,15.0,24,90,no
P811,3-Jun,14.0,101.0,1.6,yes,yes,no,yes,yes,no,yes,yes,9.9,27,140,yes
P812,25-Dec,2.0,100.0,4.4,yes,yes,yes,no,no,yes,no,yes,11.6,45,80,yes
P813,26-Dec,3.0,102.0,2.5,yes,no,no,no,no,no,yes,no,15.6,24,120,no
P814,3-Jul,4.0,103.0,3.3,yes,yes,yes,no,yes,yes,no,yes,10.4,36,45,yes
P815,12-Mar,5.0,101.0,1.0,yes,no,no,no,no,no,no,no,13.7,42,100,no
P816,5-Jul,6.0,102.0,5.0,yes,no,no,no,yes,yes,yes,yes,17.4,38,135,yes
P817,23-Mar,7.0,103.0,2.7,yes,yes,yes,yes,yes,no,no,yes,16.2,33,90,yes
P818,7-Jul,3.0,104.0,3.8,yes,no,no,no,no,no,yes,no,8.6,44,110,no
P819,16-Dec,4.0,102.0,1.9,yes,yes,yes,no,yes,yes,no,yes,9.3,28,130,yes
P820,13-Mar,6.0,102.0,4.6,yes,no,no,no,no,no,no,no,13.4,39,80,no
